training_loss,eval_loss,eval_precision,eval_recall,eval_f1,eval_accuracy,eval_accuracy_positive_lables,eval_runtime,eval_samples_per_second,eval_steps_per_second,epoch,step
0.0821,0.06760314851999283,0.7006781013163144,0.7294850498338871,0.714791454730417,0.977100572048353,0.735738255033557,27.729,257.925,4.039,1.0,640
0.0488,0.06582848727703094,0.7154884829229547,0.748172757475083,0.7314656922452293,0.9782055991929511,0.756152125279642,24.1487,296.165,4.638,2.0,1280
0.0358,0.07067643851041794,0.7287289704580214,0.7519102990033223,0.7401381678453174,0.9783542967770528,0.7551733780760627,25.8188,277.008,4.338,3.0,1920
0.0272,0.07922451943159103,0.7292955257450398,0.7540697674418605,0.7414757646290171,0.9783542967770528,0.7621644295302014,24.9617,286.519,4.487,4.0,2560
