training_loss,eval_loss,eval_precision,eval_recall,eval_f1,eval_accuracy,eval_accuracy_positive_lables,eval_runtime,eval_samples_per_second,eval_steps_per_second,epoch,step
0.0775,0.06765259802341461,0.6732453092425296,0.7517070142768467,0.7103160055722559,0.9761773528507679,0.7460401267159451,14.1467,267.766,4.241,1.0,746
0.048,0.06301490217447281,0.7069040382110291,0.7579143389199255,0.7315210065153898,0.9784456716449551,0.7579197465681098,11.9244,317.667,5.032,2.0,1492
0.0355,0.06663288921117783,0.7257252812314979,0.7608628181253879,0.7428787878787878,0.9791293471693714,0.7573917634635692,14.206,266.648,4.224,3.0,2238
0.0267,0.07450906932353973,0.7320595757484579,0.75512104283054,0.7434115040867771,0.9795162333188472,0.7571277719112989,14.2819,265.231,4.201,4.0,2984
