training_loss,eval_loss,eval_precision,eval_recall,eval_f1,eval_accuracy,eval_accuracy_positive_lables,eval_runtime,eval_samples_per_second,eval_steps_per_second,epoch,step
0.0717,0.059467069804668427,0.7352036894696388,0.7008609635464371,0.7176216824533433,0.9793820464664549,0.7372685185185185,13.0384,265.063,4.142,1.0,690
0.0408,0.05925435945391655,0.725458756458222,0.7459241619344202,0.735549132947977,0.9809266377640871,0.7653356481481481,13.6533,253.125,3.955,2.0,1380
0.0293,0.06578143686056137,0.7325708061002179,0.7391463638028943,0.7358438953223306,0.9805170870412301,0.7647569444444444,10.7432,321.693,5.026,3.0,2070
0.0217,0.0724380761384964,0.735378543236455,0.7508701227331013,0.7430435964832774,0.9807277131272708,0.7754629629629629,11.4649,301.441,4.71,4.0,2760
