training_loss,eval_loss,eval_precision,eval_recall,eval_f1,eval_accuracy,eval_accuracy_positive_lables,eval_runtime,eval_samples_per_second,eval_steps_per_second,epoch,step
0.0749,0.06205083802342415,0.7002134797194266,0.7386199131413865,0.718904109589041,0.9782258242607601,0.7493897477624084,11.4764,321.267,5.054,1.0,714
0.0444,0.06285783648490906,0.7171875,0.7382982145729452,0.7275897598478244,0.9788662411942671,0.7569839978302143,13.3765,275.633,4.336,2.0,1428
0.0323,0.06606565415859222,0.7358759297357177,0.7479491716261862,0.7418634333120613,0.9801194708831129,0.7615947925142392,7.3705,500.235,7.869,3.0,2142
