training_loss,eval_loss,eval_precision,eval_recall,eval_f1,eval_accuracy,eval_accuracy_positive_lables,eval_runtime,eval_samples_per_second,eval_steps_per_second,epoch,step
0.0785,0.06582985073328018,0.6991676575505351,0.7113722779122018,0.7052171678231817,0.9768298305717837,0.7045596502186133,6.5127,491.658,7.831,1.0,670
0.0482,0.06530110538005829,0.6930018999366688,0.7564811614241272,0.7233515121467526,0.9775593699114631,0.7489069331667708,11.8672,269.819,4.298,2.0,1340
0.0359,0.06573358923196793,0.7070268531918315,0.7599377808503284,0.7325281132861308,0.9783706176571866,0.7526545908806995,13.6218,235.065,3.744,3.0,2010
0.027,0.07363133877515793,0.7272727272727273,0.743864500518493,0.735475051264525,0.9789367401847777,0.740787008119925,11.4858,278.78,4.44,4.0,2680
