training_loss,eval_loss,eval_precision,eval_recall,eval_f1,eval_accuracy,eval_accuracy_positive_lables,eval_runtime,eval_samples_per_second,eval_steps_per_second,epoch,step
0.0792,0.06959586590528488,0.7053444742235535,0.7425726141078838,0.7234799482535575,0.9761002918230004,0.7533898305084745,13.7824,256.849,4.063,1.0,716
0.0481,0.06412183493375778,0.7343173431734318,0.7596680497925311,0.7467776146190245,0.9784884759692692,0.764406779661017,12.5832,281.328,4.45,2.0,1432
0.0354,0.07070434838533401,0.739546191247974,0.7573443983402489,0.748339483394834,0.978845810255494,0.7584745762711864,13.7944,256.626,4.06,3.0,2148
0.0264,0.07509543001651764,0.7608659450457952,0.7583402489626556,0.7596009975062346,0.9794890119706986,0.7621468926553673,12.908,274.248,4.338,4.0,2864
