training_loss,eval_loss,eval_precision,eval_recall,eval_f1,eval_accuracy,eval_accuracy_positive_lables,eval_runtime,eval_samples_per_second,eval_steps_per_second,epoch,step
0.0828,0.06684999912977219,0.6850875701411324,0.7277817919075145,0.705789611982132,0.9764741011810598,0.6577977896029472,9.9673,245.102,3.913,1.0,547
0.0509,0.06315247714519501,0.7245541343902,0.7265173410404624,0.7255344096689818,0.9783673547182038,0.66189111747851,10.6294,229.834,3.669,2.0,1094
0.0386,0.06640558689832687,0.7241011035955857,0.7348265895953757,0.7294244217321141,0.9782529971220005,0.6700777732296357,8.9789,272.083,4.344,3.0,1641
0.0296,0.07191521674394608,0.7039192195789834,0.7429552023121387,0.7229106248352227,0.9777066219401401,0.689316414244781,9.6211,253.92,4.054,4.0,2188
