training_loss,eval_loss,eval_precision,eval_recall,eval_f1,eval_accuracy,eval_accuracy_positive_lables,eval_runtime,eval_samples_per_second,eval_steps_per_second,epoch,step
0.0831,0.0668797641992569,0.7148078884733085,0.7270447864430226,0.72087441063009,0.9771888193418086,0.7286568013659647,26.4946,265.262,4.152,1.0,618
0.0503,0.06332917511463165,0.7281913102054564,0.7477088016600381,0.7378210050337003,0.9785607876157782,0.7463005122367672,26.3307,266.913,4.178,2.0,1236
0.0369,0.06834352016448975,0.7336624550246841,0.7580840394259035,0.745673342688268,0.9787963186499361,0.7603870233352306,25.0946,280.061,4.383,3.0,1854
0.0282,0.07260646671056747,0.7335264900662252,0.7661248486944493,0.7494713693647974,0.9789847434772624,0.7660785429709732,26.9304,260.969,4.085,4.0,2472
