training_loss,eval_loss,eval_precision,eval_recall,eval_f1,eval_accuracy,eval_accuracy_positive_lables,eval_runtime,eval_samples_per_second,eval_steps_per_second,epoch,step
0.0821,0.06834711879491806,0.6852719784121574,0.7330598602248557,0.7083608603097704,0.9765815278395493,0.7357691289383108,15.1266,249.693,3.967,1.0,683
0.0499,0.06853743642568588,0.6887002504870582,0.7518991188088727,0.7189134224288204,0.9768939153271068,0.7564204395022505,7.5745,498.649,7.921,2.0,1366
0.0374,0.07065758109092712,0.7040332998421128,0.7452142206016409,0.7240386744409182,0.9777092996166635,0.7490071485305798,14.8174,254.904,4.049,3.0,2049
