training_loss,eval_loss,eval_precision,eval_recall,eval_f1,eval_accuracy,eval_accuracy_positive_lables,eval_runtime,eval_samples_per_second,eval_steps_per_second,epoch,step
0.0783,0.06288561224937439,0.7300337457817773,0.717391304347826,0.7236573127671436,0.9783754638586698,0.736318407960199,12.0969,282.47,4.464,1.0,720
0.048,0.06370493024587631,0.726140350877193,0.7625276344878408,0.7438892882818117,0.9793079387230803,0.7726075504828798,13.0499,261.84,4.138,2.0,1440
0.0352,0.06801821291446686,0.7467170354380285,0.7647383935151069,0.7556202785109676,0.9797900345713471,0.7705589698565993,13.288,257.15,4.064,3.0,2160
