training_loss,eval_loss,eval_precision,eval_recall,eval_f1,eval_accuracy,eval_accuracy_positive_lables,eval_runtime,eval_samples_per_second,eval_steps_per_second,epoch,step
0.0741,0.06399448215961456,0.7728767653317856,0.7190424766018718,0.744988344988345,0.9788355254702027,0.7239404352806414,12.0214,290.483,4.575,1.0,720
0.0439,0.062331672757864,0.7510901796616082,0.7750179985601152,0.7628665072194171,0.9795516167136921,0.77290950744559,13.7872,253.279,3.989,2.0,1440
0.0322,0.064018115401268,0.7371903630810994,0.7820374370050396,0.7589519650655022,0.9804880437244089,0.7820733104238259,12.7558,273.759,4.312,3.0,2160
0.0239,0.06763795018196106,0.749609035621199,0.7764578833693304,0.7627972769870037,0.9805186459143016,0.7786368843069874,13.1224,266.11,4.191,4.0,2880
