training_loss,eval_loss,eval_precision,eval_recall,eval_f1,eval_accuracy,eval_accuracy_positive_lables,eval_runtime,eval_samples_per_second,eval_steps_per_second,epoch,step
0.0814,0.0695033147931099,0.6886580805982551,0.7187581302575665,0.7033862344054994,0.976116248348745,0.7051624038914169,23.1622,275.146,4.317,1.0,600
0.0491,0.07000001519918442,0.7403349932095971,0.7091319052987599,0.7243975903614457,0.9780713342140026,0.7013965165542131,22.8019,279.494,4.386,2.0,1200
0.0365,0.07095375657081604,0.7264336381505854,0.7371433527014136,0.7317493112947658,0.9782474680757376,0.7283853758041738,21.9181,290.764,4.562,3.0,1800
