training_loss,eval_loss,eval_precision,eval_recall,eval_f1,eval_accuracy,eval_accuracy_positive_lables,eval_runtime,eval_samples_per_second,eval_steps_per_second,epoch,step
0.0854,0.06202146038413048,0.6889900470642697,0.7332895385120709,0.7104498985639842,0.9781423578183001,0.7338284942606347,28.0718,263.788,4.132,1.0,606
0.052,0.060049254447221756,0.71352743735852,0.7506158646740023,0.7316019048381288,0.9787601268052131,0.7551654287643484,26.2954,281.608,4.411,2.0,1212
0.0384,0.06413264572620392,0.7084402838592783,0.7705698801116768,0.738200125865324,0.9789931449318557,0.7663740715732613,29.5666,250.451,3.923,3.0,1818
0.029,0.06688626110553741,0.7230613516038618,0.7626046969945804,0.7423067700423627,0.9800932072506571,0.761647535449021,28.6915,258.091,4.043,4.0,2424
