training_loss,eval_loss,eval_precision,eval_recall,eval_f1,eval_accuracy,eval_accuracy_positive_lables,eval_runtime,eval_samples_per_second,eval_steps_per_second,epoch,step
0.0801,0.06653232127428055,0.721336370539104,0.7152537268483662,0.7182821714804173,0.9774629866569183,0.7188356611408432,30.5569,250.712,3.927,1.0,662
0.0486,0.06343257427215576,0.7300792345642099,0.7353561210661045,0.732708177044261,0.9786928480037601,0.7350215376582692,24.2256,316.236,4.953,2.0,1324
0.0358,0.06810317188501358,0.7194462470257409,0.7512422827887366,0.7350005524658392,0.9783612293391127,0.749902101553322,20.5269,373.218,5.846,3.0,1986
0.027,0.07556173205375671,0.7329943253003169,0.7488330070772474,0.7408290194033741,0.9789644097448886,0.7496410390288474,28.585,268.008,4.198,4.0,2648
