training_loss,eval_loss,eval_precision,eval_recall,eval_f1,eval_accuracy,eval_accuracy_positive_lables,eval_runtime,eval_samples_per_second,eval_steps_per_second,epoch,step
0.0749,0.061394523829221725,0.7076866897936827,0.732703213610586,0.7199777096684312,0.9798677443056576,0.7541220711599653,6.892,501.597,7.98,1.0,665
0.0451,0.06246815249323845,0.7150296282995152,0.7527410207939509,0.7334008656414035,0.9792125887827577,0.7784205958923922,11.984,288.467,4.589,2.0,1330
0.0335,0.0646861270070076,0.71922323178336,0.7631379962192817,0.7405301293222049,0.9800330639235856,0.7902805901070292,12.3125,280.77,4.467,3.0,1995
