training_loss,eval_loss,eval_precision,eval_recall,eval_f1,eval_accuracy,eval_accuracy_positive_lables,eval_runtime,eval_samples_per_second,eval_steps_per_second,epoch,step
0.0825,0.06450290232896805,0.7228623408126137,0.7421011673151751,0.7323554258505491,0.9774223222989579,0.7345037137069548,27.7554,266.795,4.179,1.0,632
0.0493,0.05932055041193962,0.7374114136516225,0.7692607003891051,0.7529994286802515,0.9797097469553636,0.763133018230925,27.2723,271.521,4.253,2.0,1264
0.0359,0.06468842923641205,0.7312743012251486,0.7757198443579767,0.752841660058155,0.9796685568355004,0.7727211343686698,28.1569,262.99,4.12,3.0,1896
0.0267,0.06916091591119766,0.7375714914210295,0.7828015564202334,0.7595137420718816,0.9800639819861876,0.7766374071573261,29.6514,249.735,3.912,4.0,2528
