training_loss,eval_loss,eval_precision,eval_recall,eval_f1,eval_accuracy,eval_accuracy_positive_lables,eval_runtime,eval_samples_per_second,eval_steps_per_second,epoch,step
0.0782,0.06332394480705261,0.7354166666666667,0.7170632617527568,0.7261240082280341,0.9784987704281715,0.71740233384069,15.0077,262.666,4.131,1.0,741
0.0477,0.061845775693655014,0.7260138476755688,0.7455020313406848,0.7356288925477843,0.9791148084522421,0.7397260273972602,16.1551,244.01,3.838,2.0,1482
0.0354,0.06436838209629059,0.7233954451345755,0.7604468949506674,0.7414585838579614,0.9791198168914621,0.7582445459157788,7.9288,497.173,7.82,3.0,2223
0.0268,0.0730864405632019,0.7283847650820128,0.7603017991874638,0.7440011358795968,0.9792400194327442,0.7638254693049213,15.5475,253.545,3.988,4.0,2964
