training_loss,eval_loss,eval_precision,eval_recall,eval_f1,eval_accuracy,eval_accuracy_positive_lables,eval_runtime,eval_samples_per_second,eval_steps_per_second,epoch,step
0.0722,0.05893809348344803,0.7250534915386112,0.7243490089389817,0.7247010790317878,0.9797340049758885,0.748038490007402,25.5622,264.257,4.147,1.0,622
0.0408,0.060268864035606384,0.7504806232925225,0.720656820831714,0.735266418835192,0.9808244002825813,0.7467061435973353,24.8974,271.313,4.257,2.0,1244
0.0293,0.05829063430428505,0.738872682789122,0.7629226583754373,0.750705100626225,0.9816414288785822,0.7828275351591414,24.8751,271.557,4.261,3.0,1866
0.0217,0.06468741595745087,0.7395507534830822,0.7581616789739604,0.7487405843688528,0.9816936449918604,0.7823834196891192,26.6357,253.607,3.98,4.0,2488
0.0167,0.07313921302556992,0.7488051997705983,0.7611737271667315,0.7549388069769684,0.9816322142703566,0.7825314581791266,18.7559,360.153,5.652,5.0,3110
