training_loss,eval_loss,eval_precision,eval_recall,eval_f1,eval_accuracy,eval_accuracy_positive_lables,eval_runtime,eval_samples_per_second,eval_steps_per_second,epoch,step
0.0835,0.05945925414562225,0.730632044514196,0.7531989998529195,0.7417439165701043,0.9788904146086529,0.7388271764401964,13.6544,283.499,4.467,1.0,706
0.0495,0.05590031296014786,0.7468803176403858,0.7746727459920577,0.7605227059418094,0.9810577336913082,0.7600103332472229,14.2495,271.658,4.281,2.0,1412
0.0365,0.05940742790699005,0.7691187181354697,0.776584791881159,0.7728337236533958,0.9815393601541205,0.7664686127615603,13.9534,277.423,4.372,3.0,2118
0.0273,0.0645846426486969,0.7400796375120143,0.7927636417120165,0.7655162618946174,0.9805966019715943,0.7811934900542495,14.5025,266.919,4.206,4.0,2824
