training_loss,eval_loss,eval_precision,eval_recall,eval_f1,eval_accuracy,eval_accuracy_positive_lables,eval_runtime,eval_samples_per_second,eval_steps_per_second,epoch,step
0.0709,0.05765867233276367,0.7105263157894737,0.7123115577889447,0.711417816813049,0.9801351470329284,0.7285634743875279,13.1799,272.537,4.325,1.0,686
0.0405,0.05692754313349724,0.7383906416164481,0.7476669059583633,0.7429998216515069,0.9817364412748724,0.7641982182628062,13.9159,258.122,4.096,2.0,1372
0.0292,0.06314726918935776,0.73706748886605,0.7722541277817659,0.754250657318142,0.9818519985913012,0.779510022271715,14.219,252.62,4.009,3.0,2058
0.0216,0.06901395320892334,0.740110079119367,0.7722541277817659,0.7558405058844194,0.9819895668251453,0.7853563474387528,7.1837,500.022,7.935,4.0,2744
