training_loss,eval_loss,eval_precision,eval_recall,eval_f1,eval_accuracy,eval_accuracy_positive_lables,eval_runtime,eval_samples_per_second,eval_steps_per_second,epoch,step
0.0777,0.06254052370786667,0.7111128368408791,0.7412174194592844,0.7258531171970988,0.9783158924621406,0.7445255474452555,28.7082,262.469,4.11,1.0,631
0.0449,0.05997394770383835,0.7302821417120872,0.7374939290917921,0.7338703181635118,0.9794192402586354,0.7473125414731254,16.761,449.556,7.04,2.0,1262
0.0331,0.0641651451587677,0.7249290263178086,0.7647725433058119,0.7443179580100052,0.9798765313935681,0.7688122096881221,27.4643,274.356,4.296,3.0,1893
0.0248,0.07115995138883591,0.7242754178806932,0.7646106524202687,0.7438966766419909,0.9796026884464863,0.7680159256801593,28.3383,265.895,4.164,4.0,2524
