training_loss,eval_loss,eval_precision,eval_recall,eval_f1,eval_accuracy,eval_accuracy_positive_lables,eval_runtime,eval_samples_per_second,eval_steps_per_second,epoch,step
0.0771,0.06415446102619171,0.7008326578734065,0.7395800933125972,0.7196852181150921,0.9780364820435002,0.7439810551243258,29.4453,258.14,4.041,1.0,629
0.0446,0.06316236406564713,0.7471301020408163,0.7287713841368585,0.737836561171469,0.9797620553026472,0.7333245625575582,28.9874,262.217,4.105,2.0,1258
0.0324,0.06578781455755234,0.7422294928721664,0.7409020217729394,0.7415651632486283,0.9802204518630923,0.7422707538481779,29.3781,258.731,4.051,3.0,1887
0.0242,0.07060697674751282,0.7323639075316928,0.7636858475894246,0.7476969927674153,0.9798463581183612,0.7662149717142481,28.8947,263.059,4.118,4.0,2516
