training_loss,eval_loss,eval_precision,eval_recall,eval_f1,eval_accuracy,eval_accuracy_positive_lables,eval_runtime,eval_samples_per_second,eval_steps_per_second,epoch,step
0.0729,0.06356429308652878,0.7039424374156799,0.7286268425135765,0.7160719731625497,0.9779259973383353,0.7369388290889998,14.1447,269.289,4.242,1.0,711
0.0437,0.06389977782964706,0.7154979901741849,0.7456943366951125,0.7302841513447805,0.9785547370296241,0.7529535311105277,14.1506,269.177,4.24,2.0,1422
0.0319,0.06688548624515533,0.7241787511097958,0.7593483320403414,0.7413466636370522,0.9793092246591707,0.7676555526384878,15.2811,249.262,3.926,3.0,2133
