training_loss,eval_loss,eval_precision,eval_recall,eval_f1,eval_accuracy,eval_accuracy_positive_lables,eval_runtime,eval_samples_per_second,eval_steps_per_second,epoch,step
0.1,0.0690520629286766,0.7064893828140504,0.7637845955803476,0.734020618556701,0.9756746421029879,0.7772969374167776,9.4544,317.736,4.971,1.0,532
0.0589,0.0658760592341423,0.7262931034482759,0.7953228920832439,0.759242191500256,0.976580815722528,0.8059254327563249,10.8305,277.365,4.34,2.0,1064
0.0442,0.06694949418306351,0.7712732594605896,0.7914610598583995,0.7812367640830157,0.9784014764810535,0.8022636484687083,11.1732,268.857,4.206,3.0,1596
0.0337,0.0729735717177391,0.7632544861337683,0.8030465565329329,0.7826450601150026,0.9781271303393578,0.8162450066577897,11.1143,270.283,4.229,4.0,2128
