training_loss,eval_loss,eval_precision,eval_recall,eval_f1,eval_accuracy,eval_accuracy_positive_lables,eval_runtime,eval_samples_per_second,eval_steps_per_second,epoch,step
0.0779,0.06230480223894119,0.7034535818088562,0.7285524568393095,0.7157830644109077,0.9789020489026492,0.742908787541713,27.7326,259.334,4.075,1.0,586
0.0465,0.05913428217172623,0.725148208608987,0.7472332890659584,0.7360251155489667,0.9808117279450653,0.7565350389321468,26.0757,275.812,4.334,2.0,1172
0.0343,0.062186066061258316,0.719047619047619,0.7620185922974767,0.7399097356544163,0.9807088111104441,0.7700222469410456,26.3065,273.393,4.296,3.0,1758
0.026,0.06664388626813889,0.7167036397995235,0.7722886232846392,0.7434586209835506,0.9809603855950737,0.7739154616240267,26.6604,269.764,4.238,4.0,2344
