training_loss,eval_loss,eval_precision,eval_recall,eval_f1,eval_accuracy,eval_accuracy_positive_lables,eval_runtime,eval_samples_per_second,eval_steps_per_second,epoch,step
0.0856,0.07006574422121048,0.6719170188244333,0.7024801686916357,0.6868587698198418,0.9756062078861579,0.6555275325767129,10.2168,465.704,7.341,1.0,491
0.0515,0.06860408931970596,0.6973607607219096,0.7216588010844462,0.7093017517887985,0.9774114410786434,0.6715006305170239,17.8005,267.296,4.213,2.0,982
0.039,0.07257988303899765,0.6891751112794772,0.7306958529972889,0.7093283945803684,0.9767005891805035,0.6813787305590584,17.6335,269.828,4.253,3.0,1473
0.0299,0.07937019318342209,0.6996062614040142,0.7314991465006527,0.715197329668172,0.9774445039576266,0.6796973518284993,18.4032,258.542,4.075,4.0,1964
