training_loss,eval_loss,eval_precision,eval_recall,eval_f1,eval_accuracy,eval_accuracy_positive_lables,eval_runtime,eval_samples_per_second,eval_steps_per_second,epoch,step
0.0699,0.048835817724466324,0.7373399014778325,0.7571833265884257,0.7471298792053508,0.982949094847594,0.7777777777777778,12.5869,265.99,4.211,1.0,694
0.0411,0.049846380949020386,0.7329965021375826,0.7632537434237151,0.7478191911181602,0.9833947083397803,0.7909199522102748,10.0093,334.49,5.295,2.0,1388
0.0295,0.052230142056941986,0.7482311320754716,0.7703358963982193,0.7591226321036889,0.9840507504254989,0.793010752688172,12.0453,277.95,4.4,3.0,2082
