training_loss,eval_loss,eval_precision,eval_recall,eval_f1,eval_accuracy,eval_accuracy_positive_lables,eval_runtime,eval_samples_per_second,eval_steps_per_second,epoch,step
0.0794,0.07555412501096725,0.7157047439630073,0.7215124309392266,0.7185968532370389,0.9739659934116395,0.7258698940998487,6.801,485.956,7.646,1.0,698
0.0488,0.07704978436231613,0.7155371900826446,0.7474102209944752,0.7311264989022125,0.9745516254616844,0.7446293494704992,11.5357,286.503,4.508,2.0,1396
0.0365,0.07996052503585815,0.7135736833361024,0.7415400552486188,0.7272881212429091,0.9751638771503677,0.7452344931921331,12.4611,265.225,4.173,3.0,2094
