training_loss,eval_loss,eval_precision,eval_recall,eval_f1,eval_accuracy,eval_accuracy_positive_lables,eval_runtime,eval_samples_per_second,eval_steps_per_second,epoch,step
0.0745,0.06924565136432648,0.6865578865578865,0.7352304876019304,0.7100610736097718,0.9760589425356653,0.7486720715683534,12.7568,280.4,4.39,1.0,662
0.0442,0.06566005200147629,0.7059650218613367,0.7523714428357464,0.728429871908483,0.9775429402864811,0.7539837852949399,12.9397,276.437,4.328,2.0,1324
0.0327,0.07050028443336487,0.7330176355323318,0.7470460975203861,0.7399653836643864,0.9787139072617344,0.7517472742521666,14.1546,252.709,3.956,3.0,1986
0.0246,0.07524805516004562,0.7321923390383048,0.7475453486437011,0.7397891963109354,0.9785979699374519,0.7542633491752866,13.3254,268.435,4.203,4.0,2648
