training_loss,eval_loss,eval_precision,eval_recall,eval_f1,eval_accuracy,eval_accuracy_positive_lables,eval_runtime,eval_samples_per_second,eval_steps_per_second,epoch,step
0.0702,0.055767722427845,0.708251085669167,0.7423960273122284,0.7249217092635619,0.9803751673122062,0.7626553501060928,12.869,256.352,4.041,1.0,696
0.0409,0.05427088215947151,0.7396677471636953,0.755431409062694,0.7474664755860374,0.9811058447730697,0.7823582903910276,13.1926,250.065,3.942,2.0,1392
0.0293,0.05754562467336655,0.7522787117682803,0.7684667908131595,0.7602865916069601,0.9817847928561729,0.7905425886632312,13.5564,243.353,3.836,3.0,2088
0.0216,0.06334451586008072,0.7527439632807823,0.7804676184564453,0.7663551401869159,0.9820563720894142,0.7978175204607457,12.4984,263.953,4.161,4.0,2784
