training_loss,eval_loss,eval_precision,eval_recall,eval_f1,eval_accuracy,eval_accuracy_positive_lables,eval_runtime,eval_samples_per_second,eval_steps_per_second,epoch,step
0.0706,0.05458412691950798,0.7599486521181001,0.710928118030537,0.7346215210069138,0.9820490253771683,0.7342391304347826,7.4585,493.395,7.776,1.0,683
0.041,0.05275639891624451,0.7391524565254094,0.7510722250814891,0.7450646698434309,0.9823719033657426,0.7614130434782609,13.2193,278.382,4.388,2.0,1366
0.0295,0.057063665241003036,0.7495383582340104,0.7659975982158175,0.7576786017308672,0.9833613681694381,0.7801630434782608,12.8107,287.26,4.527,3.0,2049
0.0216,0.05964420735836029,0.7518406961178046,0.7708011665808887,0.7612028801355358,0.9832155523036303,0.7839673913043478,13.5257,272.075,4.288,4.0,2732
