training_loss,eval_loss,eval_precision,eval_recall,eval_f1,eval_accuracy,eval_accuracy_positive_lables,eval_runtime,eval_samples_per_second,eval_steps_per_second,epoch,step
0.0849,0.07060987502336502,0.6782381485628965,0.6921904761904762,0.6851432880844646,0.9748206325895543,0.6133167907361455,9.2726,260.767,4.098,1.0,548
0.0501,0.07204736769199371,0.6757868383404864,0.7198095238095238,0.6971038553772366,0.9751246999760628,0.6534325889164598,9.7835,247.151,3.884,2.0,1096
0.0377,0.07582975178956985,0.6629040533606978,0.7382857142857143,0.6985671803190051,0.9746006689482504,0.6687344913151365,9.3531,258.524,4.063,3.0,1644
