training_loss,eval_loss,eval_precision,eval_recall,eval_f1,eval_accuracy,eval_accuracy_positive_lables,eval_runtime,eval_samples_per_second,eval_steps_per_second,epoch,step
0.0777,0.06869997084140778,0.6781216264843469,0.7234165067178503,0.7000371471025261,0.9767605546843164,0.72568093385214,13.2665,232.465,3.694,1.0,674
0.0479,0.06640136241912842,0.7144744291375731,0.726679462571977,0.7205252640593777,0.9787054073077066,0.7276264591439688,11.6339,265.088,4.212,2.0,1348
0.0355,0.07202301919460297,0.7176514584891548,0.7366602687140115,0.7270316347793142,0.9790696812911351,0.7350843060959793,12.1337,254.168,4.038,3.0,2022
0.0268,0.0786411389708519,0.7096010202222627,0.7476007677543186,0.7281054304140574,0.9787918452020794,0.746757457846952,11.3529,271.648,4.316,4.0,2696
