training_loss,eval_loss,eval_precision,eval_recall,eval_f1,eval_accuracy,eval_accuracy_positive_lables,eval_runtime,eval_samples_per_second,eval_steps_per_second,epoch,step
0.0866,0.06817697733640671,0.6698723876456445,0.7061117067940345,0.6875148294025529,0.9757148542989937,0.6571909875763319,10.3776,457.622,7.227,1.0,491
0.0514,0.06734418869018555,0.7038741848868432,0.7154693439906423,0.7096244017982309,0.9775009621299089,0.6656138134344073,11.6126,408.954,6.459,2.0,982
0.0387,0.07074364274740219,0.6857714701601164,0.7347694707086461,0.70942543880288,0.9771062421672757,0.6833017477363655,17.63,269.371,4.254,3.0,1473
0.0297,0.07513704895973206,0.6887102667153818,0.7349644214835754,0.7110859621822984,0.9772509728202412,0.687934301958307,17.3783,273.271,4.316,4.0,1964
