training_loss,eval_loss,eval_precision,eval_recall,eval_f1,eval_accuracy,eval_accuracy_positive_lables,eval_runtime,eval_samples_per_second,eval_steps_per_second,epoch,step
0.0795,0.07518187910318375,0.6970113363105462,0.7090686702778263,0.7029883066262451,0.9746124552833019,0.7227810650887574,13.2047,255.969,4.014,1.0,695
0.0493,0.07350025326013565,0.705361616836479,0.7378997029529967,0.7212638770281811,0.9756382146657948,0.7485207100591716,13.2048,255.968,4.014,2.0,1390
0.0362,0.07467213273048401,0.7179184910744358,0.7448890442075834,0.731155132492925,0.9769204138939108,0.7476331360946745,13.3728,252.752,3.963,3.0,2085
0.0273,0.08370114862918854,0.7132132132132132,0.7469858465839595,0.7297089698728343,0.9769140028977703,0.7505917159763313,13.1596,256.848,4.027,4.0,2780
