training_loss,eval_loss,eval_precision,eval_recall,eval_f1,eval_accuracy,eval_accuracy_positive_lables,eval_runtime,eval_samples_per_second,eval_steps_per_second,epoch,step
0.0831,0.07049641013145447,0.7074497009244154,0.7042220847510052,0.7058322030614221,0.9767196022073424,0.7064244690797382,28.051,266.907,4.171,1.0,603
0.0502,0.06746098399162292,0.6956680014561339,0.7388648314259202,0.7166160422994712,0.9780175666779067,0.7355416054494457,27.3951,273.297,4.271,2.0,1206
0.0372,0.06970329582691193,0.7044075725458665,0.7452056913083823,0.724232517942359,0.9778007932302455,0.7476960064111126,28.8634,259.394,4.054,3.0,1809
0.0281,0.07948765903711319,0.7114604088259169,0.7455150015465511,0.7280897179322585,0.9782156066177454,0.7452918391879257,29.0462,257.762,4.028,4.0,2412
