training_loss,eval_loss,eval_precision,eval_recall,eval_f1,eval_accuracy,eval_accuracy_positive_lables,eval_runtime,eval_samples_per_second,eval_steps_per_second,epoch,step
0.0795,0.06801390647888184,0.7082294264339152,0.7370242214532872,0.7223399745654938,0.9768226729069163,0.7157784743991641,7.7519,493.817,7.74,1.0,707
0.0479,0.06520269811153412,0.7215829357283189,0.7413494809688581,0.7313326696060304,0.9777535101404056,0.7254440961337513,15.8845,240.99,3.777,2.0,1414
0.0352,0.068929024040699,0.7152880852786399,0.764273356401384,0.7389698194744545,0.9781071242849714,0.7507836990595611,13.2952,287.924,4.513,3.0,2121
0.0266,0.07505983114242554,0.7219377162629758,0.7520184544405998,0.7366711390438528,0.9778783151326053,0.7458202716823407,14.6249,261.746,4.103,4.0,2828
