training_loss,eval_loss,eval_precision,eval_recall,eval_f1,eval_accuracy,eval_accuracy_positive_lables,eval_runtime,eval_samples_per_second,eval_steps_per_second,epoch,step
0.1032,0.07211887836456299,0.7238214837712519,0.7624910959601099,0.742653253382229,0.9745397200867337,0.7595916351062078,13.4987,449.896,7.038,1.0,473
0.0596,0.06971142441034317,0.7249172576832151,0.7800956548285336,0.7514949514753456,0.9754149418490046,0.7805038695866952,19.6697,308.75,4.83,2.0,946
0.0442,0.07273458689451218,0.7296610169491525,0.7885417726671415,0.7579596028757274,0.9761127537945988,0.7931829408858884,21.3435,284.537,4.451,3.0,1419
0.0335,0.07631418108940125,0.746590579359706,0.7854889589905363,0.7655459684617674,0.9765976739601814,0.7885723695043636,22.005,275.983,4.317,4.0,1892
