training_loss,eval_loss,eval_precision,eval_recall,eval_f1,eval_accuracy,eval_accuracy_positive_lables,eval_runtime,eval_samples_per_second,eval_steps_per_second,epoch,step
0.0698,0.054157648235559464,0.7096467907330042,0.7420571882446386,0.7254901960784313,0.9809543626871975,0.7653846153846153,10.9407,308.939,4.844,1.0,693
0.0405,0.05747785419225693,0.6856026983845198,0.7668784749801429,0.7239666322991846,0.9797181098796184,0.7878698224852071,13.2071,255.924,4.013,2.0,1386
0.0292,0.05820468068122864,0.721827031074504,0.7656870532168387,0.7431104259009442,0.9821171747339302,0.7846153846153846,12.3056,274.672,4.307,3.0,2079
