training_loss,eval_loss,eval_precision,eval_recall,eval_f1,eval_accuracy,eval_accuracy_positive_lables,eval_runtime,eval_samples_per_second,eval_steps_per_second,epoch,step
0.0768,0.06300761550664902,0.7296399860188745,0.7498204022988506,0.7395925597874226,0.9782695869693903,0.7510275983558427,12.6809,268.592,4.258,1.0,667
0.0455,0.0600796602666378,0.7611619150080688,0.7623922413793104,0.7617765814266486,0.9802045739527838,0.7618907809747505,6.7598,503.863,7.988,2.0,1334
0.0341,0.06375212222337723,0.7388936170212766,0.7796336206896551,0.7587171196364589,0.9798863195147256,0.7815619495008808,12.1261,280.882,4.453,3.0,2001
0.0258,0.06643329560756683,0.7430051813471502,0.7726293103448276,0.757527733755943,0.9801918437752615,0.780093951849677,9.9631,341.863,5.42,4.0,2668
