training_loss,eval_loss,eval_precision,eval_recall,eval_f1,eval_accuracy,eval_accuracy_positive_lables,eval_runtime,eval_samples_per_second,eval_steps_per_second,epoch,step
0.0832,0.0741058811545372,0.6627253916642034,0.6790852642738149,0.670805595033286,0.9740864476542967,0.6206395348837209,11.0017,250.144,3.908,1.0,538
0.051,0.07189162075519562,0.6956189894672569,0.6901408450704225,0.6928690892504181,0.9760625812016203,0.6293604651162791,11.7238,234.737,3.668,2.0,1076
0.0383,0.08000381290912628,0.6794328314573893,0.7039224594881115,0.6914608747396608,0.9758387649711222,0.6471656976744186,10.793,254.98,3.984,3.0,1614
0.0297,0.08697181195020676,0.6931304609822235,0.6968044828108435,0.6949626161166075,0.9755549004836614,0.6355377906976745,11.4036,241.328,3.771,4.0,2152
