training_loss,eval_loss,eval_precision,eval_recall,eval_f1,eval_accuracy,eval_accuracy_positive_lables,eval_runtime,eval_samples_per_second,eval_steps_per_second,epoch,step
0.0776,0.059688519686460495,0.7439325555650175,0.6922894048656787,0.7171824973319103,0.9799018758421634,0.710867006669282,25.6867,297.703,4.672,1.0,627
0.0457,0.060075052082538605,0.7289299242424242,0.7319914414771377,0.7304574749911035,0.9807424227925298,0.7426441741859553,19.6704,388.756,6.101,2.0,1254
0.0334,0.06398869305849075,0.7437425506555423,0.74173864807037,0.7427392477384542,0.9812700276475289,0.7544134954884268,29.8301,256.351,4.023,3.0,1881
