training_loss,eval_loss,eval_precision,eval_recall,eval_f1,eval_accuracy,eval_accuracy_positive_lables,eval_runtime,eval_samples_per_second,eval_steps_per_second,epoch,step
0.075,0.06560183316469193,0.7082037006713607,0.7160596026490066,0.7121099860047747,0.9773703177773126,0.7332233223322332,12.8595,282.747,4.433,1.0,715
0.0438,0.06397584080696106,0.7410970464135022,0.7269867549668875,0.733974091099039,0.9790335994206801,0.7400990099009901,10.4171,349.041,5.472,2.0,1430
0.0318,0.0680287629365921,0.7196922110552764,0.758774834437086,0.7387169568020631,0.9788469045423429,0.7662266226622663,11.5472,314.881,4.936,3.0,2145
0.0238,0.07218161225318909,0.7304444798470607,0.7591059602649006,0.7444994722740927,0.9791410904112379,0.7659515951595159,7.1974,505.186,7.92,4.0,2860
