training_loss,eval_loss,eval_precision,eval_recall,eval_f1,eval_accuracy,eval_accuracy_positive_lables,eval_runtime,eval_samples_per_second,eval_steps_per_second,epoch,step
0.0849,0.06906843930482864,0.6882422802850356,0.717795210569777,0.7027081649151172,0.976105441008805,0.6753472222222222,8.9595,257.156,4.018,1.0,552
0.0506,0.06604078412055969,0.6966204336784528,0.736168455821635,0.7158486399678812,0.9775134273822442,0.6983506944444444,9.0214,255.392,3.991,2.0,1104
0.0381,0.07250089198350906,0.6926025297048678,0.7460776218001651,0.7183462532299741,0.9778568386928392,0.7039930555555556,9.7391,236.571,3.696,3.0,1656
0.0295,0.0787353366613388,0.6772280896794516,0.7545417010734929,0.7137974807147739,0.9770326515474114,0.7139756944444444,7.8655,292.925,4.577,4.0,2208
