training_loss,eval_loss,eval_precision,eval_recall,eval_f1,eval_accuracy,eval_accuracy_positive_lables,eval_runtime,eval_samples_per_second,eval_steps_per_second,epoch,step
0.0771,0.07107183337211609,0.7008279956256835,0.6751956652618905,0.6877730931391338,0.9760830820210213,0.6529189660180076,7.05,488.367,7.66,1.0,663
0.0478,0.06946158409118652,0.680390788555478,0.733744732089103,0.7060612643927873,0.9768148059102384,0.6990996224223062,12.0628,285.424,4.477,2.0,1326
0.0354,0.07419488579034805,0.6845412651864264,0.7378085490668272,0.7101774719304599,0.9761876140051953,0.7118791751379611,7.0095,491.187,7.704,3.0,1989
0.027,0.07680675387382507,0.7110494007600117,0.7322396146899458,0.7214889515052648,0.9775308500018293,0.7034562881208248,7.0232,490.232,7.689,4.0,2652
