training_loss,eval_loss,eval_precision,eval_recall,eval_f1,eval_accuracy,eval_accuracy_positive_lables,eval_runtime,eval_samples_per_second,eval_steps_per_second,epoch,step
0.0796,0.07045665383338928,0.6950323974082073,0.7047744196233027,0.6998695084819487,0.9755094753755756,0.6724289481394667,7.0243,485.884,7.688,1.0,664
0.0483,0.06968574225902557,0.6929967426710097,0.7455102934734997,0.718294998944925,0.9765649203690382,0.7093466158804571,13.9482,244.691,3.871,2.0,1328
0.0363,0.07288417220115662,0.7057830308146897,0.7323696890056942,0.7188306104901119,0.9772422955140962,0.6979197187225314,6.9639,490.097,7.754,3.0,1992
0.0277,0.07641207426786423,0.7118050693180227,0.7421521389983939,0.726661901358113,0.9771267741715282,0.7143275710518605,13.2262,258.049,4.083,4.0,2656
