training_loss,eval_loss,eval_precision,eval_recall,eval_f1,eval_accuracy,eval_accuracy_positive_lables,eval_runtime,eval_samples_per_second,eval_steps_per_second,epoch,step
0.0742,0.06311669200658798,0.6749889200768208,0.7374112330535829,0.7048206710374083,0.9774415561668676,0.7522146951537259,13.6226,281.738,4.404,1.0,653
0.0452,0.059670545160770416,0.6942749200813717,0.7711426726920594,0.7306927664780546,0.9796773096776188,0.7725377800937988,14.1756,270.747,4.233,2.0,1306
0.0333,0.05822032690048218,0.7241800152555301,0.7661394448030988,0.744569053407576,0.9813051855057233,0.7660239708181344,15.2483,251.7,3.935,3.0,1959
0.0249,0.06496250629425049,0.7173847544441097,0.7685603615235636,0.7420913199314321,0.9806767017999362,0.7678478374153205,14.5312,264.121,4.129,4.0,2612
0.0196,0.06965426355600357,0.7140731925022314,0.7746933505487411,0.7431490942870413,0.9804139750048939,0.7787910369984367,15.0586,254.87,3.984,5.0,3265
