training_loss,eval_loss,eval_precision,eval_recall,eval_f1,eval_accuracy,eval_accuracy_positive_lables,eval_runtime,eval_samples_per_second,eval_steps_per_second,epoch,step
0.0785,0.07184864580631256,0.675286590242602,0.7344157726877356,0.7036111111111111,0.9748114231130631,0.7218594933402978,14.8397,258.024,4.043,1.0,707
0.0476,0.06848706305027008,0.7109075997813012,0.7539866628008118,0.7318137047980865,0.9766024492931936,0.7430138417341342,14.9306,256.453,4.019,2.0,1414
0.0349,0.07126849889755249,0.7149134853062346,0.7547115105827776,0.7342736248236954,0.9773084770047813,0.7508487855837033,14.4599,264.801,4.149,3.0,2121
0.0264,0.08039523661136627,0.7274504328399888,0.7552913888083502,0.7411095305832147,0.9774590270315169,0.7526769391486028,13.5879,281.795,4.416,4.0,2828
