training_loss,eval_loss,eval_precision,eval_recall,eval_f1,eval_accuracy,eval_accuracy_positive_lables,eval_runtime,eval_samples_per_second,eval_steps_per_second,epoch,step
0.0763,0.06516171991825104,0.7105969677826911,0.7371999672319162,0.7236540549234048,0.9775038599809707,0.7443878253684065,26.5306,273.684,4.297,1.0,640
0.0443,0.06197435036301613,0.7208844822159269,0.7504710412058655,0.735380292996187,0.9785350873694586,0.7536152045172841,27.8429,260.785,4.094,2.0,1280
0.0321,0.06756848096847534,0.7174430204896017,0.765872040632424,0.7408669466677231,0.9789623915359591,0.7701418537391543,27.0362,268.566,4.217,3.0,1920
0.0241,0.0723542720079422,0.7317935423049728,0.763086753502089,0.7471126082771897,0.9792785966191694,0.7694532433549098,27.8599,260.625,4.092,4.0,2560
