training_loss,eval_loss,eval_precision,eval_recall,eval_f1,eval_accuracy,eval_accuracy_positive_lables,eval_runtime,eval_samples_per_second,eval_steps_per_second,epoch,step
0.0767,0.06315392255783081,0.7428623221245355,0.7085062240663901,0.7252776425821866,0.9789356400898371,0.7277074542897328,26.0018,273.442,4.307,1.0,589
0.0456,0.06128479167819023,0.7311608961303462,0.7448132780082988,0.7379239465570401,0.9797837123338948,0.7561181434599156,27.3737,259.738,4.092,2.0,1178
0.0338,0.06517365574836731,0.7264345105787438,0.7627939142461964,0.744170356314569,0.9800030413625304,0.7717299578059071,17.4978,406.336,6.401,3.0,1767
0.0253,0.0705162063241005,0.75,0.7538900414937759,0.7519399896533886,0.980696121093019,0.7673699015471167,26.7577,265.718,4.186,4.0,2356
