training_loss,eval_loss,eval_precision,eval_recall,eval_f1,eval_accuracy,eval_accuracy_positive_lables,eval_runtime,eval_samples_per_second,eval_steps_per_second,epoch,step
0.08,0.05971481651067734,0.7198913371566557,0.7239338291091213,0.7219069239500567,0.9794064893283858,0.7248821632349293,8.148,494.721,7.732,1.0,738
0.0483,0.05870559811592102,0.7042840713053479,0.7435119137957201,0.7233665559246953,0.9799379347650726,0.7462168196477301,15.7893,255.3,3.99,2.0,1476
0.0358,0.061600908637046814,0.7100684540787222,0.7556533616633784,0.7321520476435557,0.9801372268038302,0.756139915653684,15.7977,255.163,3.988,3.0,2214
0.0272,0.06747530400753021,0.7102513414289748,0.7633935346790105,0.7358642381683855,0.9797671130175661,0.765814934259489,8.1166,496.635,7.762,4.0,2952
