training_loss,eval_loss,eval_precision,eval_recall,eval_f1,eval_accuracy,eval_accuracy_positive_lables,eval_runtime,eval_samples_per_second,eval_steps_per_second,epoch,step
0.0827,0.06837829202413559,0.6946033709602598,0.760840108401084,0.726214533990785,0.9764909501598756,0.7603399433427762,9.7361,362.566,5.752,1.0,690
0.0498,0.06464646011590958,0.7416146974549132,0.7452574525745257,0.7434316127397144,0.9783625216345448,0.741643059490085,7.008,503.713,7.991,2.0,1380
0.0369,0.06645508110523224,0.7385642194367573,0.7684620596205962,0.7532165684402757,0.9790841620464079,0.7628895184135978,7.0453,501.045,7.949,3.0,2070
0.028,0.07356689870357513,0.7247939124920736,0.774390243902439,0.7487716999672455,0.9781043738449353,0.7745042492917847,7.0312,502.046,7.964,4.0,2760
