training_loss,eval_loss,eval_precision,eval_recall,eval_f1,eval_accuracy,eval_accuracy_positive_lables,eval_runtime,eval_samples_per_second,eval_steps_per_second,epoch,step
0.0973,0.07558085769414902,0.7131174353941773,0.7609075043630017,0.7362377575143532,0.9733029275271801,0.7435897435897436,12.4295,254.153,4.023,1.0,527
0.0576,0.07381695508956909,0.733530474782323,0.7792321116928447,0.7556909537107557,0.974152643925254,0.7628996517885407,6.2,509.516,8.065,2.0,1054
0.0426,0.07483458518981934,0.7513128917499576,0.7739965095986039,0.7624860311183702,0.9754889500555584,0.7651155428933206,12.0524,262.106,4.149,3.0,1581
0.0324,0.0797308012843132,0.7467932700316509,0.7823734729493892,0.7641694366317225,0.9755180001888258,0.7796771130104464,11.3207,279.047,4.417,4.0,2108
