training_loss,eval_loss,eval_precision,eval_recall,eval_f1,eval_accuracy,eval_accuracy_positive_lables,eval_runtime,eval_samples_per_second,eval_steps_per_second,epoch,step
0.0714,0.05696418881416321,0.7032263499283969,0.7573255919441169,0.7292740456014676,0.9802472321721594,0.7642253521126761,26.2735,270.235,4.225,1.0,611
0.0413,0.05617543309926987,0.728176132956395,0.7711149414859838,0.7490306661966867,0.9816553391658509,0.7811267605633803,26.4652,268.277,4.194,2.0,1222
0.0299,0.058396149426698685,0.7497110340535253,0.764946021954096,0.7572519083969466,0.9826987969380685,0.7769014084507042,27.5028,258.155,4.036,3.0,1833
0.0218,0.06591536104679108,0.738990984743412,0.7733829266080015,0.7557959129394033,0.9824126875489121,0.7849295774647888,27.4022,259.103,4.051,4.0,2444
