training_loss,eval_loss,eval_precision,eval_recall,eval_f1,eval_accuracy,eval_accuracy_positive_lables,eval_runtime,eval_samples_per_second,eval_steps_per_second,epoch,step
0.0743,0.058988552540540695,0.7094441934026209,0.7459613557174533,0.7272446537481664,0.979540450120129,0.75147473711208,12.383,314.867,4.926,1.0,707
0.0443,0.058730319142341614,0.7232893157262905,0.7633829585049097,0.7427955000770535,0.9805536467555136,0.7650679661451655,13.9835,278.828,4.362,2.0,1414
0.0324,0.06224546581506729,0.7265214124718257,0.7657586316122902,0.7456241807386844,0.9803580295833354,0.7704539625545012,14.7843,263.725,4.126,3.0,2121
0.0243,0.0686526745557785,0.7364905889496054,0.768451061133988,0.7521314524879864,0.9811104033224824,0.7740446268273916,13.5423,287.912,4.504,4.0,2828
