training_loss,eval_loss,eval_precision,eval_recall,eval_f1,eval_accuracy,eval_accuracy_positive_lables,eval_runtime,eval_samples_per_second,eval_steps_per_second,epoch,step
0.0821,0.07065892219543457,0.681577398469688,0.6791788856304986,0.6803760282021152,0.9761182230835926,0.6222493887530562,8.6436,283.91,4.512,1.0,547
0.0507,0.07181801646947861,0.6761029411764706,0.7190615835777127,0.6969208905731881,0.9764242362421585,0.6577017114914425,9.7056,252.844,4.018,2.0,1094
0.0382,0.07708115130662918,0.6974903474903474,0.7063538611925708,0.7018941233608547,0.977367776814403,0.6524042379788101,10.0533,244.098,3.879,3.0,1641
