training_loss,eval_loss,eval_precision,eval_recall,eval_f1,eval_accuracy,eval_accuracy_positive_lables,eval_runtime,eval_samples_per_second,eval_steps_per_second,epoch,step
0.0791,0.0699387863278389,0.7006603631997599,0.7025583145221972,0.7016080553050797,0.9755582028865469,0.6758793969849246,16.1502,418.942,6.563,1.0,588
0.0481,0.06894872337579727,0.7287266605448424,0.716553799849511,0.7225889672964565,0.9773222934252669,0.6896245935560154,19.1903,352.574,5.524,2.0,1176
0.0359,0.07071266323328018,0.7161001394904927,0.7339352896914974,0.7249080301735349,0.9771743894929047,0.7044043748152528,24.3501,277.863,4.353,3.0,1764
0.0271,0.08062437176704407,0.7232368225686712,0.7330323551542514,0.7281016442451421,0.9771367412192125,0.7063257463789536,13.8236,489.453,7.668,4.0,2352
