training_loss,eval_loss,eval_precision,eval_recall,eval_f1,eval_accuracy,eval_accuracy_positive_lables,eval_runtime,eval_samples_per_second,eval_steps_per_second,epoch,step
0.0829,0.06774616241455078,0.6666666666666666,0.7008257463476604,0.6833195706028076,0.9760115133822607,0.6708586296617519,9.7159,237.343,3.808,1.0,551
0.0505,0.0647728219628334,0.6941678520625889,0.7232691086174042,0.7084197428452924,0.9777507980247183,0.6856027753686036,7.2699,317.198,5.089,2.0,1102
0.0381,0.07080187648534775,0.6783352781019059,0.7385136565742113,0.7071464774455144,0.9770482634436471,0.6981786643538594,7.5101,307.055,4.927,3.0,1653
0.0293,0.07446213066577911,0.698920431827269,0.7402074952360788,0.7189717223650385,0.9781805036422666,0.6964440589765828,8.4313,273.505,4.388,4.0,2204
