training_loss,eval_loss,eval_precision,eval_recall,eval_f1,eval_accuracy,eval_accuracy_positive_lables,eval_runtime,eval_samples_per_second,eval_steps_per_second,epoch,step
0.0693,0.05828654393553734,0.6750038598116412,0.729396062729396,0.7011466602517841,0.9786031426142268,0.7583892617449665,14.7,253.402,4.014,1.0,682
0.0406,0.056764308363199234,0.72060497641893,0.7392392392392393,0.7298031787861319,0.9810855349476756,0.7618791946308725,13.9552,266.927,4.228,2.0,1364
0.0292,0.06370819360017776,0.6897023086269745,0.7575909242575909,0.7220543806646524,0.9790387421145994,0.7812080536912752,14.2133,262.079,4.151,3.0,2046
0.0215,0.06861452013254166,0.7211955648401093,0.7487487487487487,0.7347139232217402,0.9811222722549359,0.7728859060402684,12.5397,297.058,4.705,4.0,2728
