training_loss,eval_loss,eval_precision,eval_recall,eval_f1,eval_accuracy,eval_accuracy_positive_lables,eval_runtime,eval_samples_per_second,eval_steps_per_second,epoch,step
0.0735,0.06350116431713104,0.744547729710404,0.7228392919125304,0.7335329341317365,0.9778187039580472,0.7291425260718424,13.1555,262.4,4.105,1.0,721
0.0438,0.060803331434726715,0.7318508829300197,0.7768136063866713,0.7536622326991076,0.9791359720314646,0.7801274623406721,12.5188,275.746,4.314,2.0,1442
0.0318,0.06565403938293457,0.7404781533388294,0.7794168691426588,0.7594487190327217,0.9792233737045823,0.7847624565469293,12.7937,269.821,4.221,3.0,2163
0.0237,0.06676967442035675,0.7500830288940551,0.7839291912530372,0.7666327223353699,0.9798976151829192,0.7856315179606026,14.1802,243.438,3.808,4.0,2884
