training_loss,eval_loss,eval_precision,eval_recall,eval_f1,eval_accuracy,eval_accuracy_positive_lables,eval_runtime,eval_samples_per_second,eval_steps_per_second,epoch,step
0.0785,0.06760243326425552,0.6565591674161634,0.7424088333575476,0.6968498568116733,0.9760867015870534,0.7428715619480192,15.5939,254.139,3.976,1.0,740
0.0479,0.0673762783408165,0.736881335718545,0.7181461571988959,0.7273931278051651,0.9790819716988508,0.7236941710825132,14.6622,270.288,4.229,2.0,1480
0.0357,0.06755989044904709,0.7074511960406928,0.7476391108528258,0.726990181535636,0.9786422093659605,0.7529649255614433,15.7854,251.055,3.928,3.0,2220
0.0271,0.07426994293928146,0.7084242093784079,0.7550486706378032,0.730993740769393,0.9784858494253772,0.7554882664647994,8.0125,494.604,7.738,4.0,2960
