training_loss,eval_loss,eval_precision,eval_recall,eval_f1,eval_accuracy,eval_accuracy_positive_lables,eval_runtime,eval_samples_per_second,eval_steps_per_second,epoch,step
0.0807,0.06256715208292007,0.7226366001734605,0.7357824090427411,0.729150258160497,0.9784118241506268,0.7327044025157232,12.1839,287.1,4.514,1.0,692
0.0497,0.06182490661740303,0.7354561101549053,0.7546803249735076,0.7449442119944212,0.9799010714306821,0.7495711835334476,13.8833,251.958,3.962,2.0,1384
0.0368,0.06462156772613525,0.745681546092013,0.7700459201695514,0.7576679120688156,0.9803206609421262,0.7698684962835907,12.6987,275.462,4.331,3.0,2076
0.0278,0.0685991421341896,0.7378902953586498,0.772165312610385,0.7546388193665314,0.9800842724849745,0.7712978845054317,14.2446,245.568,3.861,4.0,2768
