training_loss,eval_loss,eval_precision,eval_recall,eval_f1,eval_accuracy,eval_accuracy_positive_lables,eval_runtime,eval_samples_per_second,eval_steps_per_second,epoch,step
0.0994,0.0722464993596077,0.7491758774481287,0.747219804661058,0.7481965625756476,0.9745982234198204,0.7449609882964889,22.5797,272.457,4.296,1.0,471
0.0593,0.072455033659935,0.7349473494734947,0.7896721787061213,0.7613276151407793,0.9754938483691519,0.7877113133940182,22.2596,276.375,4.358,2.0,942
0.0435,0.07219177484512329,0.7646671681083114,0.7864809979692486,0.7754206988606569,0.9774703999814698,0.782184655396619,12.0876,508.951,8.025,3.0,1413
0.0331,0.07675454020500183,0.7623982235381199,0.7968281597524417,0.7792330606648067,0.977366167767539,0.793075422626788,17.0544,360.729,5.688,4.0,1884
0.026,0.07987535744905472,0.7612820040523116,0.7993424233633111,0.7798481060427378,0.9776981666711705,0.7977893368010404,12.0286,511.448,8.064,5.0,2355
