training_loss,eval_loss,eval_precision,eval_recall,eval_f1,eval_accuracy,eval_accuracy_positive_lables,eval_runtime,eval_samples_per_second,eval_steps_per_second,epoch,step
0.0819,0.0679943636059761,0.7188549496241804,0.7078740157480315,0.7133222248670952,0.9770555321060208,0.7099730458221024,12.4999,296.803,4.64,1.0,685
0.0495,0.0669868215918541,0.7122627297378729,0.7445669291338582,0.7280566676932554,0.9783326298472894,0.7361185983827493,13.9884,265.219,4.146,2.0,1370
0.0366,0.06959845125675201,0.7234533702677747,0.7403149606299213,0.7317870485678706,0.9782352240873622,0.736388140161725,14.5645,254.73,3.982,3.0,2055
0.0278,0.0763285830616951,0.71698684011496,0.7464566929133858,0.7314250443638608,0.9785490870915723,0.7420485175202156,14.8919,249.128,3.895,4.0,2740
