training_loss,eval_loss,eval_precision,eval_recall,eval_f1,eval_accuracy,eval_accuracy_positive_lables,eval_runtime,eval_samples_per_second,eval_steps_per_second,epoch,step
0.0803,0.060902200639247894,0.6804859529233106,0.7382207578253707,0.7081785855393126,0.9786041311754685,0.724097098875074,7.5592,446.871,7.011,1.0,665
0.0485,0.060889504849910736,0.7100686133716292,0.7331136738056013,0.7214071492259058,0.9794026831345827,0.7249851983422143,10.9078,309.685,4.859,2.0,1330
0.0361,0.06518162786960602,0.7084430673896205,0.7533772652388797,0.7302195608782435,0.9799669931856899,0.7442273534635879,13.7766,245.198,3.847,3.0,1995
0.0273,0.0710740014910698,0.7114365846057962,0.7522240527182866,0.7312620115310698,0.979817930153322,0.7457075192421552,13.2326,255.279,4.005,4.0,2660
