training_loss,eval_loss,eval_precision,eval_recall,eval_f1,eval_accuracy,eval_accuracy_positive_lables,eval_runtime,eval_samples_per_second,eval_steps_per_second,epoch,step
0.0793,0.06303145736455917,0.6863194046937607,0.7180715675999401,0.701836540572181,0.9779616243725531,0.6950014120304998,14.0884,251.341,3.975,1.0,660
0.0491,0.06238190457224846,0.6904125017598198,0.7342416529420572,0.7116528805688581,0.9787078447662589,0.7142050268285794,12.9956,272.478,4.309,2.0,1320
0.0365,0.06737064570188522,0.7139923731299501,0.7288516244946849,0.72134548418167,0.9797625029226965,0.7031911889296809,14.6958,240.953,3.811,3.0,1980
0.0276,0.07321342080831528,0.7101576182136602,0.7285521784698308,0.7192373069248392,0.9791157785814848,0.7057328438294267,13.6754,258.932,4.095,4.0,2640
