training_loss,eval_loss,eval_precision,eval_recall,eval_f1,eval_accuracy,eval_accuracy_positive_lables,eval_runtime,eval_samples_per_second,eval_steps_per_second,epoch,step
0.0794,0.061843037605285645,0.7310776138550352,0.7005224339274739,0.7154739485247961,0.9790424820075903,0.6988076723691031,14.0238,275.103,4.35,1.0,706
0.0486,0.06208143010735512,0.7282214156079855,0.739858635525507,0.7339939024390243,0.979783120591285,0.7379471228615864,14.2539,270.662,4.28,2.0,1412
0.0362,0.06486812233924866,0.7377023661270237,0.728180700676091,0.7329106093411691,0.9802887979691179,0.7278382581648523,7.7573,497.339,7.864,3.0,2118
