training_loss,eval_loss,eval_precision,eval_recall,eval_f1,eval_accuracy,eval_accuracy_positive_lables,eval_runtime,eval_samples_per_second,eval_steps_per_second,epoch,step
0.085,0.07274659723043442,0.6925589836660617,0.709953488372093,0.7011483693155719,0.9760035357737105,0.6586974443528442,9.1395,265.442,4.158,1.0,547
0.0506,0.07292491942644119,0.6920199501246883,0.7227906976744186,0.7070707070707071,0.9761985232945092,0.6776586974443528,10.3175,235.135,3.683,2.0,1094
0.0382,0.07549960911273956,0.7143900657414171,0.7278139534883721,0.7210395355266795,0.9769199771214643,0.6772464962901896,9.4103,257.802,4.038,3.0,1641
