training_loss,eval_loss,eval_precision,eval_recall,eval_f1,eval_accuracy,eval_accuracy_positive_lables,eval_runtime,eval_samples_per_second,eval_steps_per_second,epoch,step
0.076,0.05572586506605148,0.7314698492462312,0.7275851296469853,0.7295223179326547,0.9812525240729658,0.7340909090909091,13.7443,288.119,4.511,1.0,705
0.0442,0.05726822465658188,0.7442837144190387,0.7474226804123711,0.745849894786065,0.9815104052627226,0.7532828282828283,14.928,265.273,4.153,2.0,1410
0.0325,0.06136973947286606,0.7283493708364175,0.7685098406747891,0.7478908565782474,0.9813401063638265,0.7767676767676768,11.6921,338.689,5.303,3.0,2115
