training_loss,eval_loss,eval_precision,eval_recall,eval_f1,eval_accuracy,eval_accuracy_positive_lables,eval_runtime,eval_samples_per_second,eval_steps_per_second,epoch,step
0.0823,0.0698767900466919,0.6781278506771454,0.7143701951507984,0.6957773857950249,0.9759597822560663,0.6871315600287563,26.519,262.265,4.11,1.0,583
0.0494,0.06730078905820847,0.6864988558352403,0.7318154937906565,0.7084332176464274,0.9774720348226807,0.703235082674335,19.3411,359.597,5.636,2.0,1166
0.0369,0.07043696939945221,0.7058026803535785,0.7318894145476049,0.7186093772681085,0.9778168897154053,0.7086987778576563,23.1188,300.837,4.715,3.0,1749
0.0282,0.0801001489162445,0.6964655529476736,0.7457865168539326,0.7202827157849647,0.9777249284106787,0.7186196980589504,14.2992,486.391,7.623,4.0,2332
