training_loss,eval_loss,eval_precision,eval_recall,eval_f1,eval_accuracy,eval_accuracy_positive_lables,eval_runtime,eval_samples_per_second,eval_steps_per_second,epoch,step
0.0819,0.0650426521897316,0.6844677901801999,0.7293788385291146,0.7062100112909298,0.9769128951789442,0.7377324380165289,28.4376,272.316,4.255,1.0,660
0.0493,0.061376556754112244,0.7310570626753976,0.7290678690818627,0.730061110894866,0.9796288754263606,0.7385072314049587,28.9731,267.282,4.176,2.0,1320
0.0365,0.06576377898454666,0.7202072538860104,0.7564331804400217,0.7378758578849581,0.9795117853688337,0.7620092975206612,28.3983,272.692,4.261,3.0,1980
0.0277,0.07004687190055847,0.7137524701749249,0.7581435123999067,0.7352785945864435,0.9793565137708089,0.7663997933884298,29.4236,263.19,4.112,4.0,2640
