training_loss,eval_loss,eval_precision,eval_recall,eval_f1,eval_accuracy,eval_accuracy_positive_lables,eval_runtime,eval_samples_per_second,eval_steps_per_second,epoch,step
0.0809,0.06605076044797897,0.7032237161833792,0.7262840890078635,0.7145679012345678,0.9777257642689172,0.7314941272876263,12.5959,290.649,4.605,1.0,686
0.0502,0.06510017067193985,0.7335669002335669,0.7356533377948804,0.7346086375407234,0.9792477088415639,0.7429664026222343,11.59,315.876,5.004,2.0,1372
0.0371,0.0673547312617302,0.7412081440349991,0.7369918019073114,0.7390939597315437,0.9791048548383552,0.7454247473367932,14.1242,259.201,4.106,3.0,2058
0.0281,0.07282131165266037,0.7394610679451149,0.7483687468629747,0.7438882421420256,0.9793081470736907,0.7522534826550122,14.1731,258.307,4.092,4.0,2744
