training_loss,eval_loss,eval_precision,eval_recall,eval_f1,eval_accuracy,eval_accuracy_positive_lables,eval_runtime,eval_samples_per_second,eval_steps_per_second,epoch,step
0.0789,0.06737429648637772,0.6838490309418566,0.7294885745375408,0.705931905931906,0.9762766464184169,0.7295391589020398,25.4936,311.529,4.903,1.0,653
0.0485,0.0674675926566124,0.7034411562284928,0.7414581066376497,0.7219494967331803,0.978162336291182,0.7406194913120121,24.5267,323.81,5.096,2.0,1306
0.036,0.07061750441789627,0.7059502001492639,0.7548059484947407,0.7295610713784884,0.9783243877646227,0.7529589524049358,29.4696,269.498,4.242,3.0,1959
