training_loss,eval_loss,eval_precision,eval_recall,eval_f1,eval_accuracy,eval_accuracy_positive_lables,eval_runtime,eval_samples_per_second,eval_steps_per_second,epoch,step
0.0849,0.06986263394355774,0.6551186017478152,0.7149182561307902,0.68371335504886,0.9764856706131148,0.6467570538658849,10.4992,259.923,4.096,1.0,538
0.051,0.07032201439142227,0.6832717338904065,0.7241144414168937,0.7031004547333608,0.9779484678979,0.6548186148772445,10.4713,260.617,4.106,2.0,1076
0.0382,0.0734361931681633,0.6800063522312212,0.7292234332425068,0.7037554441613937,0.9773348600481024,0.6643459142543056,5.7412,475.333,7.49,3.0,1614
