training_loss,eval_loss,eval_precision,eval_recall,eval_f1,eval_accuracy,eval_accuracy_positive_lables,eval_runtime,eval_samples_per_second,eval_steps_per_second,epoch,step
0.0829,0.068132683634758,0.7293419892602389,0.7021063189568706,0.7154650522839846,0.9767219122178729,0.7003257328990228,28.2187,261.103,4.111,1.0,633
0.0492,0.06517297774553299,0.7139012148105041,0.7571946609057943,0.7349108881234088,0.9776824630076899,0.7479641693811075,26.59,277.096,4.363,2.0,1266
0.0362,0.07077773660421371,0.7137487350007229,0.761823933338477,0.7370031722336258,0.9780433635934593,0.7520358306188925,28.4112,259.335,4.083,3.0,1899
0.0273,0.07560272514820099,0.7113276492082826,0.7659902785278914,0.7376476707036185,0.977760195441548,0.7637079261672095,26.2462,280.726,4.42,4.0,2532
