training_loss,eval_loss,eval_precision,eval_recall,eval_f1,eval_accuracy,eval_accuracy_positive_lables,eval_runtime,eval_samples_per_second,eval_steps_per_second,epoch,step
0.0765,0.06288181990385056,0.7179118368728319,0.7431248905237344,0.7303008133580067,0.9786987188714553,0.7478514000554477,27.0512,266.679,4.177,1.0,641
0.0449,0.05900324508547783,0.7428620719399638,0.7542476791031705,0.7485115814175829,0.980377141212034,0.7604657610202384,28.23,255.544,4.003,2.0,1282
0.033,0.06281551718711853,0.7305833333333334,0.7678227360308285,0.7487402852506619,0.9804088095580826,0.7740504574438591,25.9711,277.771,4.351,3.0,1923
0.0247,0.06728188693523407,0.7558334067095184,0.7517954107549484,0.7538090010976949,0.9810508133007053,0.7614360964790685,27.0459,266.731,4.178,4.0,2564
