training_loss,eval_loss,eval_precision,eval_recall,eval_f1,eval_accuracy,eval_accuracy_positive_lables,eval_runtime,eval_samples_per_second,eval_steps_per_second,epoch,step
0.0789,0.06191375479102135,0.7318175193120536,0.7203730272596843,0.7260501771383125,0.9783240113825925,0.7101741984347387,14.454,274.042,4.289,1.0,740
0.0479,0.06244000792503357,0.7432848965213562,0.7265423242467719,0.7348182543713269,0.9796977725444019,0.7273415804089877,15.4482,256.405,4.013,2.0,1480
0.0354,0.06670674681663513,0.7382877858337981,0.7596843615494978,0.748833262621977,0.9797173977038564,0.7528401918707397,16.7864,235.965,3.693,3.0,2220
