training_loss,eval_loss,eval_precision,eval_recall,eval_f1,eval_accuracy,eval_accuracy_positive_lables,eval_runtime,eval_samples_per_second,eval_steps_per_second,epoch,step
0.0754,0.05827300250530243,0.7342533616418967,0.7079495052882975,0.7208615598401944,0.9801373102199898,0.7270284793121977,14.4124,258.251,4.094,1.0,713
0.0446,0.056240443140268326,0.7313893653516295,0.7273967929034459,0.7293876154635649,0.9809798709523111,0.7469102632993014,14.4986,256.714,4.069,2.0,1426
0.0327,0.06127771735191345,0.7220982142857143,0.7726032070965541,0.746497445195319,0.9803601811233781,0.7826437399247717,7.4571,499.122,7.912,3.0,2139
0.0244,0.06683588027954102,0.7169811320754716,0.784373933810986,0.7491649694501018,0.980289514739377,0.7950026867275658,15.0323,247.6,3.925,4.0,2852
