training_loss,eval_loss,eval_precision,eval_recall,eval_f1,eval_accuracy,eval_accuracy_positive_lables,eval_runtime,eval_samples_per_second,eval_steps_per_second,epoch,step
0.0796,0.0639723464846611,0.6998547684363402,0.7221112221112221,0.7108088175038925,0.9775263651610335,0.7055946193824518,12.2478,267.068,4.246,1.0,668
0.0485,0.06351841986179352,0.6916550979484807,0.7465867465867466,0.718071903274882,0.9777765143977941,0.7276062366248853,12.311,265.697,4.224,2.0,1336
0.0358,0.06489183008670807,0.7132599329822882,0.7442557442557443,0.7284282571498412,0.9788112226043947,0.7279119535310302,10.0506,325.453,5.174,3.0,2004
0.027,0.07477787882089615,0.7136083451872925,0.7517482517482518,0.7321819508635368,0.9780437192643339,0.738917762152247,12.3501,264.855,4.21,4.0,2672
