training_loss,eval_loss,eval_precision,eval_recall,eval_f1,eval_accuracy,eval_accuracy_positive_lables,eval_runtime,eval_samples_per_second,eval_steps_per_second,epoch,step
0.0844,0.07369184494018555,0.6740421455938698,0.6781996915959907,0.6761145272867026,0.9743484871973322,0.6254208754208754,17.9107,265.316,4.187,1.0,491
0.0506,0.07267074286937714,0.6604402350258703,0.7258095605242868,0.691583635612287,0.9747278010680159,0.6643518518518519,17.6659,268.993,4.245,2.0,982
0.0382,0.07746907323598862,0.6859298794515506,0.7183885890516577,0.701784117120934,0.975786581524446,0.6590909090909091,18.3711,258.667,4.082,3.0,1473
0.0298,0.08487488329410553,0.6869202226345084,0.7136661526599846,0.7000378143316317,0.9759976779394351,0.6578282828282829,9.9368,478.222,7.548,4.0,1964
