training_loss,eval_loss,eval_precision,eval_recall,eval_f1,eval_accuracy,eval_accuracy_positive_lables,eval_runtime,eval_samples_per_second,eval_steps_per_second,epoch,step
0.0953,0.0717560350894928,0.7252042007001167,0.7576188541243397,0.7410572337042927,0.9738713590216507,0.7647058823529411,5.7911,513.721,8.116,1.0,533
0.0581,0.07222718000411987,0.7600565999595714,0.7639171068671272,0.7619819637247948,0.9762889852616188,0.7778151260504201,5.8048,512.508,8.097,2.0,1066
0.0432,0.07292544096708298,0.734474971772676,0.7929703372612759,0.7626025791324736,0.9757572736487048,0.8070588235294117,5.7548,516.959,8.167,3.0,1599
