training_loss,eval_loss,eval_precision,eval_recall,eval_f1,eval_accuracy,eval_accuracy_positive_lables,eval_runtime,eval_samples_per_second,eval_steps_per_second,epoch,step
0.0832,0.06357446312904358,0.7115016847281669,0.7167232364003302,0.7141029156384242,0.978384633048727,0.7110759493670886,24.715,255.716,4.006,1.0,602
0.0495,0.062051922082901,0.7269339150986274,0.7336024217961655,0.7302529449365355,0.9795328003053827,0.7259493670886076,23.2257,272.113,4.263,2.0,1204
0.0369,0.06734785437583923,0.7046618852459017,0.7570865058251537,0.7299341086985363,0.9789184562667566,0.7504746835443038,23.1733,272.727,4.272,3.0,1806
0.0278,0.07400284707546234,0.7077186963979417,0.7569947711219154,0.7315278578077212,0.9791630009811612,0.7591772151898735,22.3483,282.795,4.43,4.0,2408
