training_loss,eval_loss,eval_precision,eval_recall,eval_f1,eval_accuracy,eval_accuracy_positive_lables,eval_runtime,eval_samples_per_second,eval_steps_per_second,epoch,step
0.0987,0.0684216096997261,0.7490599643775975,0.750843086689149,0.7499504656231425,0.9757766840972009,0.7517915309446254,6.0518,507.289,7.932,1.0,530
0.0582,0.06617096811532974,0.7398833051006964,0.7798055941281492,0.7593200695383427,0.9767071670255306,0.7791530944625407,11.691,262.596,4.106,2.0,1060
0.043,0.06876695156097412,0.7361415025528811,0.8008331680222178,0.7671258907363422,0.9763380498308213,0.8009771986970684,12.0871,253.989,3.971,3.0,1590
0.0328,0.07778669893741608,0.750375939849624,0.7919063677841698,0.7705819901553904,0.9770839741617964,0.7928338762214984,10.7947,284.398,4.447,4.0,2120
