training_loss,eval_loss,eval_precision,eval_recall,eval_f1,eval_accuracy,eval_accuracy_positive_lables,eval_runtime,eval_samples_per_second,eval_steps_per_second,epoch,step
0.0787,0.06550882011651993,0.679042904290429,0.7417451863990168,0.7090104554176293,0.9766982611660416,0.7517194875252866,17.9371,413.389,6.467,1.0,579
0.0459,0.06206520274281502,0.711178671655753,0.7474805407619828,0.7288778811968201,0.9791776338220253,0.7482130815913689,27.3977,270.643,4.234,2.0,1158
0.0338,0.06558207422494888,0.7241051631295534,0.7492011470708726,0.736439415294165,0.9797667916808728,0.7501011463250169,26.8517,276.146,4.32,3.0,1737
0.0255,0.07357826083898544,0.7116339469864793,0.7632937320770176,0.7365591397849462,0.9790303443573133,0.7706001348617667,28.1584,263.332,4.12,4.0,2316
