training_loss,eval_loss,eval_precision,eval_recall,eval_f1,eval_accuracy,eval_accuracy_positive_lables,eval_runtime,eval_samples_per_second,eval_steps_per_second,epoch,step
0.0836,0.06747855246067047,0.6946163366336634,0.708146045264569,0.7013159436135734,0.9767626608496849,0.7199839914621131,27.6079,271.517,4.274,1.0,603
0.051,0.06609242409467697,0.691339748334567,0.7365349735825251,0.7132220991943798,0.9780499826958774,0.7433297758804696,27.5934,271.659,4.276,2.0,1206
0.0379,0.06878411769866943,0.7073979207473255,0.7404778802933523,0.7235600077056443,0.9781653435130515,0.7459978655282817,27.8255,269.394,4.241,3.0,1809
0.0285,0.07483992725610733,0.7111768274188657,0.7396104408169702,0.72511500251266,0.9782728388199637,0.7495997865528282,29.7059,252.341,3.972,4.0,2412
