training_loss,eval_loss,eval_precision,eval_recall,eval_f1,eval_accuracy,eval_accuracy_positive_lables,eval_runtime,eval_samples_per_second,eval_steps_per_second,epoch,step
0.0779,0.0641762912273407,0.7273324572930355,0.7057698437998088,0.7163889338294775,0.9777721646880525,0.7269054672771343,7.4405,499.025,7.93,1.0,748
0.0473,0.06361497193574905,0.7214252660805183,0.7454574434172776,0.7332444932194089,0.9787166280461689,0.7603016428763802,13.4157,276.766,4.398,2.0,1496
0.0352,0.06308563798666,0.7362482369534555,0.7488045903729678,0.7424733306993282,0.9794963594232184,0.7573390789119311,13.4698,275.654,4.38,3.0,2244
0.0266,0.07416895776987076,0.7379182156133829,0.7593241950908511,0.7484681853888451,0.9791833686591915,0.7689200107729599,7.3859,502.713,7.988,4.0,2992
0.021,0.07938411831855774,0.7463745271122321,0.7547019445329933,0.7505151371057219,0.9799960464324544,0.7675733907891193,13.9103,266.924,4.241,5.0,3740
