training_loss,eval_loss,eval_precision,eval_recall,eval_f1,eval_accuracy,eval_accuracy_positive_lables,eval_runtime,eval_samples_per_second,eval_steps_per_second,epoch,step
0.0773,0.0719001367688179,0.6924379232505643,0.7477717681115259,0.71904186353148,0.9753759900084455,0.741190765492102,28.0723,263.855,4.132,1.0,671
0.0469,0.06974570453166962,0.7061103671858482,0.7632360783118762,0.7335627471079221,0.9770100713328767,0.7532064263534495,28.2594,262.108,4.105,2.0,1342
0.0346,0.07390750199556351,0.7247333671914677,0.7609507122724156,0.7424005945745076,0.9774859906411706,0.7518563520993654,27.7643,266.782,4.178,3.0,2013
0.026,0.08086511492729187,0.7250530009503618,0.7555420126456921,0.7399835857643812,0.977813357101789,0.7486161738895639,29.4009,251.931,3.945,4.0,2684
