training_loss,eval_loss,eval_precision,eval_recall,eval_f1,eval_accuracy,eval_accuracy_positive_lables,eval_runtime,eval_samples_per_second,eval_steps_per_second,epoch,step
0.0828,0.064822718501091,0.7113242574257426,0.6858591885441527,0.698359659781288,0.9772225788333467,0.6998696219035202,14.6648,261.511,4.091,1.0,681
0.0496,0.06443088501691818,0.7207167184954835,0.7259844868735084,0.7233410121126551,0.9787220171708256,0.7285528031290743,14.9803,256.002,4.005,2.0,1362
0.0366,0.06991448998451233,0.7268833087149188,0.7340393794749404,0.7304438177230222,0.9790630265586135,0.7405475880052151,14.4422,265.542,4.154,3.0,2043
0.0274,0.0738719254732132,0.7330176113659909,0.7388126491646778,0.7359037218631602,0.9793438578191447,0.7457627118644068,7.7196,496.785,7.772,4.0,2724
